value,var1
2.6474516990367585,0
2.216219776447759,1
2.077133029427143,2
