cause,value_agg_over_race_county
_all,43.272421172295786
_comm,24.968857438392025
_inj,3.5498208442380763
_ncd,14.753742889665684
