var2,value_agg_over_var1
0,8.365570818720709
1,6.879160989701198
2,7.627874361507763
3,6.593738202299416
4,8.477998109417985
