var1,var3,value_agg_over_var2
0,0,10.541226439323268
1,0,9.410685831537243
2,0,10.399181957118076
0,1,9.742339912051085
1,1,9.996249995099667
2,1,9.23873579425156
0,2,10.169335581756854
1,2,10.676044092841272
2,2,10.890295675983737
0,3,8.893450092836801
1,3,10.988263352205276
2,3,8.711136812888459
0,4,10.900685330615644
1,4,10.148993906933866
2,4,9.612401509791628
